RANK,SEASON,LEAGUE,AGE,HEIGHT,WEIGHT,G,MP,PER_GAME_FG,PER_GAME_FGA,PER_GAME_3P,PER_GAME_3PA,PER_GAME_FT,PER_GAME_FTA,PER_GAME_ORB,PER_GAME_DRB,PER_GAME_TRB,PER_GAME_AST,PER_GAME_STL,PER_GAME_BLK,PER_GAME_TOV,PER_GAME_PF,PER_GAME_PTS,FG%,3P%,FT%,PACE,eFG%,TOV%,ORB%,FT/FGA,ORTG,TEAM,PLAYOFF_TEAM,AVERAGE_DISTANCE,%FGA_2P,%FGA_0-3,%FGA_3-10,%FGA_10-16,FGA_16-3PT,%FGA_3P,FG%_2P,FG%_0-3,FG%_3-10,FG%_10-16,FG%_16-3PT,FG%_3P,%ASTD_2P,%FGA_DUNKS,DUNKS_MADE,%FGA_LAYUPS,LAYUPS_MADE,%ASTD_3P,%FGA3P_CORNER,FG%3_CORNER,HEAVE_ATTEMPTS,HEAVE_MAKES,AVERAGE_AGE,W,L,W/L%,PW,PL,MOV,SOS,SRS,DRTG,NRTG,FT_RATE,3PA_RATE,TS%,OFFENSIVE_EFG%,OFFENSIVE_TOV%,OFFENSIVE_ORB%,OFFENSIVE_FT/FGA,DEFENSIVE_eFG%,DEFENSIVE_TOV%,DEFENSIVE_DRB%,DEFENSIVE_FT/FGA,ARENA,TOTAL_ATTENDANCE,ATTENDANCE/G,PER_100_FG,PER_100_FGA,PER_100_3P,PER_100_3PA,PER_100_FT,PER_100_FTA,PER_100_ORB,PER_100_DRB,PER_100_TRB,PER_100_AST,PER_100_STL,PER_100_BLK,PER_100_TOV,PER_100_PF,PER_100_PTS,3PT%,EFG%
1,2018-2019,NBA,26.3,6-7,218.0,1230,241.6,41.1,89.2,11.4,32.0,17.7,23.1,10.3,34.8,45.2,24.6,7.6,5.0,14.1,20.9,111.2,0.461,0.355,0.7659999999999999,100.0,0.524,12.4,22.9,0.198,110.4,League Average,0.0,13.5,0.6409999999999999,0.292,0.162,0.096,0.092,0.359,0.52,0.6579999999999999,0.4,0.413,0.401,0.355,0.513,0.058,380.0,0.278,1113.0,0.823,0.214,0.383,15.7,0.5,26.4,,,,41.0,41.0,0.0,0.0,0.0,110.4,,0.259,0.359,0.56,0.524,12.4,22.9,0.198,0.524,12.4,77.1,0.198,,732148.0,17853.0,40.8,88.6,11.3,31.8,17.6,22.9,10.3,34.6,44.8,24.4,7.6,4.9,14.0,20.8,110.4,0.355,0.524
2,2017-2018,NBA,26.4,6-7,219.0,1230,241.4,39.6,86.1,10.5,29.0,16.6,21.7,9.7,33.8,43.5,23.2,7.7,4.8,14.3,19.9,106.3,0.46,0.36200000000000004,0.767,97.3,0.521,13.0,22.3,0.193,108.6,League Average,0.0,13.2,0.6629999999999999,0.281,0.156,0.106,0.12,0.337,0.51,0.6579999999999999,0.394,0.415,0.4,0.362,0.499,0.053,331.0,0.273,1064.0,0.83,0.208,0.394,17.5,0.2,26.6,,,,41.0,41.0,0.0,0.0,0.0,108.6,,0.252,0.337,0.556,0.521,13.0,22.3,0.193,0.521,13.0,77.7,0.193,,737485.0,17989.0,40.5,87.9,10.7,29.6,17.0,22.1,9.9,34.5,44.4,23.7,7.9,4.9,14.6,20.3,108.6,0.36200000000000004,0.521
3,2016-2017,NBA,26.6,6-7,220.0,1230,241.6,39.0,85.4,9.7,27.0,17.8,23.1,10.1,33.4,43.5,22.6,7.7,4.7,14.0,19.9,105.6,0.457,0.358,0.772,96.4,0.514,12.7,23.3,0.209,108.8,League Average,0.0,13.3,0.684,0.29,0.152,0.099,0.142,0.316,0.503,0.631,0.414,0.412,0.403,0.358,0.495,0.051,322.0,0.25,994.0,0.835,0.228,0.388,16.8,0.3,26.6,,,,41.0,41.0,0.0,0.0,0.0,108.8,,0.271,0.316,0.552,0.514,12.7,23.3,0.209,0.514,12.7,76.7,0.209,,733247.0,17880.0,40.2,88.0,9.9,27.8,18.4,23.8,10.4,34.4,44.8,23.3,7.9,4.9,14.4,20.5,108.8,0.358,0.514
4,2015-2016,NBA,26.7,6-7,221.0,1230,241.8,38.2,84.6,8.5,24.1,17.7,23.4,10.4,33.3,43.8,22.3,7.8,5.0,14.4,20.3,102.7,0.452,0.354,0.757,95.8,0.502,13.2,23.8,0.209,106.4,League Average,0.0,12.5,0.715,0.293,0.158,0.103,0.162,0.285,0.491,0.624,0.396,0.405,0.398,0.354,0.51,0.048,304.0,0.251,982.0,0.836,0.248,0.377,14.7,0.5,26.8,,,,41.0,41.0,0.0,0.0,0.0,106.4,,0.276,0.285,0.541,0.502,13.2,23.8,0.209,0.502,13.2,76.2,0.209,,732555.0,17866.0,39.6,87.6,8.8,25.0,18.3,24.2,10.8,34.6,45.3,23.1,8.1,5.1,14.9,21.0,106.4,0.354,0.502
5,2014-2015,NBA,26.7,6-7,222.0,1230,242.0,37.5,83.6,7.8,22.4,17.1,22.8,10.9,32.4,43.3,22.0,7.7,4.8,14.4,20.2,100.0,0.449,0.35,0.75,93.9,0.496,13.3,25.1,0.205,105.6,League Average,0.0,12.8,0.732,0.28800000000000003,0.165,0.103,0.175,0.268,0.485,0.628,0.383,0.403,0.394,0.35,0.52,0.047,293.0,0.228,903.0,0.843,0.253,0.387,14.4,0.4,26.8,,,,41.0,41.0,0.0,0.0,0.0,105.6,,0.273,0.268,0.534,0.496,13.3,25.1,0.205,0.496,13.3,74.9,0.205,,729877.0,17814.0,39.6,88.3,8.3,23.7,18.1,24.1,11.5,34.2,45.7,23.3,8.2,5.1,15.2,21.4,105.6,0.35,0.496
6,2013-2014,NBA,26.5,6-7,223.0,1230,242.0,37.7,83.0,7.7,21.5,17.8,23.6,10.9,31.8,42.7,22.0,7.7,4.7,14.6,20.7,101.0,0.45399999999999996,0.36,0.7559999999999999,93.9,0.501,13.6,25.5,0.215,106.6,League Average,0.0,12.8,0.741,0.28600000000000003,0.16899999999999998,0.105,0.18,0.259,0.488,0.636,0.39,0.401,0.395,0.36,0.518,0.048,301.0,0.229,909.0,0.8370000000000001,0.248,0.39,14.8,0.5,26.6,,,,41.0,41.0,0.0,0.0,0.0,106.7,,0.284,0.259,0.541,0.501,13.6,25.5,0.215,0.501,13.6,74.5,0.215,,713714.0,17407.0,39.8,87.6,8.2,22.7,18.8,24.9,11.5,33.6,45.1,23.2,8.1,5.0,15.5,21.9,106.6,0.36,0.501
7,2012-2013,NBA,26.7,6-7,223.0,1229,241.9,37.1,82.0,7.2,20.0,16.7,22.2,11.2,31.0,42.1,22.1,7.8,5.1,14.6,19.8,98.1,0.45299999999999996,0.359,0.753,92.0,0.496,13.7,26.5,0.204,105.8,League Average,0.0,12.6,0.757,0.293,0.16399999999999998,0.107,0.193,0.243,0.483,0.631,0.381,0.395,0.393,0.359,0.535,0.052000000000000005,318.0,0.23,891.0,0.851,0.268,0.39,14.0,0.3,26.7,,,,41.0,41.0,0.0,0.0,0.0,105.9,,0.27,0.243,0.535,0.496,13.7,26.5,0.204,0.496,13.7,73.5,0.204,,710653.0,17346.0,40.1,88.5,7.7,21.5,18.0,23.9,12.0,33.4,45.4,23.9,8.4,5.5,15.7,21.4,105.8,0.359,0.496
8,2011-2012,NBA,26.6,6-7,223.0,990,241.9,36.5,81.4,6.4,18.4,16.9,22.5,11.4,30.8,42.2,21.0,7.7,5.1,14.6,19.6,96.3,0.44799999999999995,0.349,0.752,91.3,0.48700000000000004,13.8,27.0,0.20800000000000002,104.6,League Average,0.0,12.5,0.774,0.287,0.16899999999999998,0.11,0.208,0.226,0.477,0.634,0.378,0.388,0.388,0.349,0.518,0.05,244.0,0.226,711.0,0.843,0.261,0.376,10.1,0.3,26.7,,,,33.0,33.0,0.0,0.0,0.0,104.6,,0.276,0.226,0.527,0.487,13.8,27.0,0.208,0.487,13.8,73.0,0.208,,570035.0,17274.0,39.6,88.5,7.0,20.0,18.4,24.4,12.4,33.5,45.8,22.8,8.3,5.5,15.8,21.3,104.6,0.349,0.48700000000000004
9,2010-2011,NBA,26.6,6-7,223.0,1230,241.9,37.2,81.2,6.5,18.0,18.6,24.4,10.9,30.5,41.4,21.5,7.3,4.9,14.3,20.7,99.6,0.45899999999999996,0.358,0.763,92.1,0.498,13.4,26.4,0.22899999999999998,107.3,League Average,0.0,12.6,0.778,0.276,0.17800000000000002,0.11,0.214,0.222,0.487,0.65,0.392,0.398,0.403,0.358,0.518,0.049,297.0,0.222,883.0,0.86,0.27,0.394,15.7,0.5,26.7,,,,41.0,41.0,0.0,0.0,0.0,107.3,,0.3,0.222,0.541,0.498,13.4,26.4,0.229,0.498,13.4,73.6,0.229,,710241.0,17321.0,40.1,87.5,7.0,19.4,20.0,26.3,11.8,32.8,44.6,23.2,7.9,5.2,15.4,22.3,107.3,0.358,0.498
10,2009-2010,NBA,26.6,6-7,222.0,1230,241.7,37.7,81.7,6.4,18.1,18.6,24.5,11.0,30.8,41.7,21.2,7.2,4.9,14.2,20.9,100.4,0.461,0.355,0.759,92.7,0.501,13.3,26.3,0.228,107.6,League Average,0.0,12.2,0.778,0.32,0.129,0.11,0.218,0.222,0.4920000000000001,0.613,0.421,0.4,0.402,0.355,0.505,0.048,293.0,0.253,961.0,0.847,0.258,0.392,15.9,0.6,26.8,,,,41.0,41.0,0.0,-0.01,-0.01,107.6,,0.3,0.222,0.5429999999999999,0.501,13.3,26.3,0.228,0.501,13.3,73.7,0.228,,703627.0,17162.0,40.4,87.5,6.9,19.4,19.9,26.3,11.7,32.9,44.7,22.8,7.7,5.2,15.2,22.3,107.6,0.355,0.501
11,2008-2009,NBA,26.6,6-7,221.0,1230,241.7,37.1,80.9,6.6,18.1,19.1,24.7,11.0,30.3,41.3,21.0,7.3,4.8,14.0,21.0,100.0,0.45899999999999996,0.36700000000000005,0.7709999999999999,91.7,0.5,13.3,26.7,0.23600000000000002,108.3,League Average,0.0,12.4,0.7759999999999999,0.314,0.124,0.111,0.227,0.224,0.485,0.602,0.412,0.395,0.407,0.3670000000000001,0.501,0.051,312.0,0.247,898.0,0.8590000000000001,0.274,0.395,14.8,0.3,26.8,,,,41.0,41.0,0.0,0.0,0.0,108.3,,0.306,0.224,0.544,0.5,13.3,26.7,0.236,0.5,13.3,73.3,0.236,,718309.0,17520.0,40.2,87.7,7.2,19.6,20.7,26.8,12.0,32.8,44.7,22.7,7.9,5.2,15.2,22.8,108.3,0.36700000000000005,0.5
12,2007-2008,NBA,26.8,6-7,220.0,1230,241.5,37.3,81.5,6.6,18.1,18.8,24.9,11.2,30.8,42.0,21.8,7.3,4.7,14.1,21.0,99.9,0.457,0.36200000000000004,0.755,92.4,0.49700000000000005,13.2,26.7,0.231,107.5,League Average,0.0,12.5,0.778,0.308,0.124,0.111,0.235,0.222,0.484,0.607,0.408,0.391,0.409,0.362,0.523,0.051,309.0,0.24,889.0,0.867,0.264,0.395,15.6,0.3,27.0,,,,41.0,41.0,0.0,0.0,0.0,107.5,,0.306,0.222,0.54,0.4970000000000001,13.2,26.7,0.231,0.4970000000000001,13.2,73.3,0.231,,713186.0,17395.0,40.1,87.7,7.1,19.5,20.3,26.8,12.0,33.1,45.2,23.4,7.8,5.1,15.2,22.6,107.5,0.36200000000000004,0.49700000000000005
13,2006-2007,NBA,26.6,6-7,219.0,1230,242.2,36.5,79.7,6.1,16.9,19.6,26.1,11.1,29.9,41.1,21.3,7.2,4.6,15.1,22.2,98.7,0.45799999999999996,0.358,0.752,91.9,0.496,14.2,27.1,0.24600000000000002,106.5,League Average,0.0,12.2,0.787,0.314,0.131,0.113,0.229,0.213,0.485,0.61,0.411,0.392,0.404,0.358,0.527,0.046,277.0,0.244,886.0,0.863,0.271,0.384,12.6,0.3,26.7,,,,41.0,41.0,0.0,0.0,0.0,106.5,,0.327,0.213,0.541,0.496,14.2,27.1,0.246,0.496,14.2,72.9,0.246,,728036.0,17760.0,39.4,85.9,6.5,18.3,21.1,28.1,12.0,32.3,44.3,22.9,7.8,5.0,16.3,24.0,106.5,0.358,0.496
14,2005-2006,NBA,26.5,6-7,220.0,1230,242.1,35.8,79.0,5.7,16.0,19.6,26.3,11.2,29.8,41.0,20.6,7.2,4.7,14.4,22.8,97.0,0.45399999999999996,0.358,0.745,90.5,0.49,13.7,27.3,0.248,106.2,League Average,0.0,12.2,0.7979999999999999,0.309,0.133,0.119,0.236,0.202,0.478,0.601,0.4,0.391,0.405,0.358,0.523,0.049,288.0,0.239,836.0,0.851,0.27,0.39,12.4,0.3,26.6,,,,41.0,41.0,0.0,0.0,0.0,106.2,,0.333,0.202,0.536,0.49,13.7,27.3,0.248,0.49,13.7,72.7,0.248,,719853.0,17571.0,39.2,86.5,6.3,17.5,21.5,28.8,12.2,32.6,44.8,22.6,7.8,5.1,15.8,24.9,106.2,0.358,0.49
15,2004-2005,NBA,26.9,6-7,220.0,1230,241.9,35.9,80.3,5.6,15.8,19.7,26.1,12.0,29.8,41.9,21.3,7.5,4.9,14.5,22.6,97.2,0.447,0.35600000000000004,0.7559999999999999,90.9,0.48200000000000004,13.6,28.7,0.245,106.1,League Average,0.0,12.1,0.804,0.304,0.135,0.129,0.236,0.196,0.47,0.596,0.391,0.383,0.4,0.35600000000000004,0.544,0.051,305.0,0.231,806.0,0.8540000000000001,0.272,0.384,12.1,0.1,27.1,,,,41.0,41.0,0.0,0.0,0.0,106.1,,0.324,0.196,0.529,0.482,13.6,28.7,0.245,0.482,13.6,71.3,0.245,,709883.0,17314.0,39.2,87.7,6.1,17.2,21.5,28.4,13.1,32.6,45.7,23.2,8.2,5.3,15.8,24.7,106.1,0.35600000000000004,0.48200000000000004
16,2003-2004,NBA,27.0,6-7,219.0,1189,241.7,35.0,79.8,5.2,14.9,18.2,24.2,12.1,30.1,42.2,21.3,7.9,5.1,15.0,21.4,93.4,0.439,0.34700000000000003,0.752,90.1,0.47100000000000003,14.2,28.6,0.228,102.9,,,,,,,,,,,,,,,,,,,,,,,,,,,,,,,,,,,,,,,,,,,,,,,,,,,38.6,88.0,5.7,16.4,20.1,26.7,13.3,33.2,46.5,23.5,8.7,5.6,16.5,23.6,102.9,0.34700000000000003,0.47100000000000003
17,2002-2003,NBA,27.2,6-7,219.0,1189,242.0,35.7,80.8,5.1,14.7,18.5,24.4,12.0,30.3,42.3,21.5,7.9,5.0,14.9,21.8,95.1,0.442,0.349,0.758,91.0,0.474,14.0,28.5,0.22899999999999998,103.6,,,,,,,,,,,,,,,,,,,,,,,,,,,,,,,,,,,,,,,,,,,,,,,,,,,38.9,88.1,5.6,16.0,20.2,26.6,13.1,33.0,46.1,23.4,8.7,5.5,16.3,23.7,103.6,0.349,0.474
18,2001-2002,NBA,27.4,6-7,217.0,1189,241.7,36.2,81.3,5.2,14.7,17.9,23.8,12.2,30.2,42.4,21.9,7.8,5.2,14.5,21.2,95.5,0.445,0.354,0.752,90.7,0.47700000000000004,13.6,28.9,0.221,104.5,,,,,,,,,,,,,,,,,,,,,,,,,,,,,,,,,,,,,,,,,,,,,,,,,,,39.6,89.0,5.7,16.1,19.6,26.1,13.4,33.0,46.4,24.0,8.5,5.7,15.8,23.2,104.5,0.354,0.47700000000000004
19,2000-2001,NBA,27.7,6-7,216.0,1189,242.0,35.7,80.6,4.8,13.7,18.6,24.9,12.0,30.5,42.5,21.8,7.8,5.3,15.0,22.3,94.8,0.44299999999999995,0.354,0.748,91.3,0.473,14.1,28.2,0.231,103.0,,,,,,,,,,,,,,,,,,,,,,,,,,,,,,,,,,,,,,,,,,,,,,,,,,,38.8,87.6,5.3,14.9,20.2,27.0,13.0,33.1,46.1,23.7,8.5,5.7,16.4,24.3,103.0,0.354,0.473
20,1999-1900,NBA,27.8,6-7,216.0,1189,241.5,36.8,82.1,4.8,13.7,19.0,25.3,12.4,30.5,42.9,22.3,7.9,5.2,15.5,23.3,97.5,0.449,0.353,0.75,93.1,0.478,14.2,28.9,0.231,104.1,,,,,,,,,,,,,,,,,,,,,,,,,,,,,,,,,,,,,,,,,,,,,,,,,,,39.3,87.6,5.2,14.6,20.2,27.0,13.3,32.6,45.8,23.9,8.5,5.5,16.5,24.9,104.1,0.353,0.478
21,1998-1999,NBA,27.9,6-7,215.0,725,241.8,34.2,78.2,4.5,13.2,18.8,25.8,12.6,29.1,41.7,20.7,8.4,5.0,15.3,22.2,91.6,0.43700000000000006,0.33899999999999997,0.728,88.9,0.466,14.6,30.2,0.24,102.2,,,,,,,,,,,,,,,,,,,,,,,,,,,,,,,,,,,,,,,,,,,,,,,,,,,38.1,87.3,5.0,14.7,21.0,28.8,14.0,32.4,46.5,23.1,9.3,5.5,17.1,24.8,102.2,0.33899999999999997,0.466
22,1997-1998,NBA,27.7,6-7,214.0,1189,241.9,35.9,79.7,4.4,12.7,19.4,26.3,13.1,28.5,41.5,22.0,8.4,5.1,15.5,22.4,95.6,0.45,0.34600000000000003,0.737,90.3,0.478,14.5,31.4,0.243,105.0,,,,,,,,,,,,,,,,,,,,,,,,,,,,,,,,,,,,,,,,,,,,,,,,,,,39.5,87.6,4.8,14.0,21.3,28.9,14.3,31.3,45.7,24.2,9.2,5.6,17.0,24.6,105.0,0.34600000000000003,0.478
23,1996-1997,NBA,27.7,6-7,213.0,1189,241.9,36.1,79.3,6.0,16.8,18.7,25.3,12.7,28.4,41.1,22.0,8.2,4.9,15.7,22.1,96.9,0.455,0.36,0.738,90.1,0.493,14.8,30.8,0.23600000000000002,106.7,,,,,,,,,,,,,,,,,,,,,,,,,,,,,,,,,,,,,,,,,,,,,,,,,,,39.7,87.3,6.7,18.5,20.6,27.9,13.9,31.3,45.2,24.3,9.0,5.4,17.2,24.3,106.7,0.36,0.493
24,1995-1996,NBA,27.5,6-7,213.0,1189,241.6,37.0,80.2,5.9,16.0,19.5,26.4,12.6,28.6,41.3,22.7,8.0,5.1,15.8,23.0,99.5,0.462,0.36700000000000005,0.74,91.8,0.499,14.7,30.6,0.243,107.6,,,,,,,,,,,,,,,,,,,,,,,,,,,,,,,,,,,,,,,,,,,,,,,,,,,40.1,86.7,6.4,17.4,21.1,28.6,13.7,31.0,44.6,24.5,8.6,5.5,17.1,24.9,107.6,0.36700000000000005,0.499
25,1994-1995,NBA,27.2,6-7,212.0,1107,241.9,38.0,81.5,5.5,15.3,19.9,27.1,13.0,28.5,41.6,23.4,8.3,5.2,15.9,23.5,101.4,0.466,0.359,0.737,92.9,0.5,14.6,31.4,0.245,108.3,,,,,,,,,,,,,,,,,,,,,,,,,,,,,,,,,,,,,,,,,,,,,,,,,,,40.6,87.0,5.9,16.3,21.3,28.9,13.9,30.4,44.4,24.9,8.8,5.5,17.0,25.1,108.3,0.359,0.5
26,1993-1994,NBA,27.2,6-7,210.0,1107,241.1,39.3,84.4,3.3,9.9,19.6,26.6,13.9,29.1,43.0,24.4,8.9,5.2,16.0,22.2,101.5,0.466,0.33299999999999996,0.7340000000000001,95.1,0.485,14.3,32.2,0.23199999999999998,106.3,,,,,,,,,,,,,,,,,,,,,,,,,,,,,,,,,,,,,,,,,,,,,,,,,,,41.2,88.4,3.5,10.4,20.5,27.9,14.5,30.5,45.0,25.5,9.3,5.5,16.7,23.2,106.3,0.33299999999999996,0.485
27,1992-1993,NBA,27.1,6-7,210.0,1107,241.7,40.7,86.0,3.0,9.0,20.9,27.7,13.8,29.3,43.1,24.7,8.6,5.2,15.9,23.2,105.3,0.473,0.336,0.754,96.8,0.491,14.0,32.0,0.243,108.0,,,,,,,,,,,,,,,,,,,,,,,,,,,,,,,,,,,,,,,,,,,,,,,,,,,41.7,88.2,3.1,9.2,21.5,28.4,14.2,30.1,44.3,25.4,8.8,5.4,16.3,23.8,108.0,0.336,0.491
28,1991-1992,NBA,27.2,6-7,208.0,1107,241.8,41.3,87.3,2.5,7.6,20.2,26.7,14.4,29.3,43.7,24.5,8.6,5.5,15.6,22.2,105.3,0.47200000000000003,0.331,0.759,96.6,0.48700000000000004,13.6,32.9,0.23199999999999998,108.2,,,,,,,,,,,,,,,,,,,,,,,,,,,,,,,,,,,,,,,,,,,,,,,,,,,42.4,89.7,2.6,7.8,20.8,27.4,14.7,30.1,44.9,25.1,8.9,5.7,16.0,22.8,108.2,0.331,0.48700000000000004
29,1990-1991,NBA,27.2,6-7,209.0,1107,241.8,41.4,87.2,2.3,7.1,21.3,27.9,14.0,29.3,43.3,24.7,8.6,5.3,16.0,23.2,106.3,0.474,0.32,0.765,97.8,0.48700000000000004,13.9,32.3,0.245,107.9,,,,,,,,,,,,,,,,,,,,,,,,,,,,,,,,,,,,,,,,,,,,,,,,,,,42.0,88.5,2.3,7.2,21.6,28.3,14.2,29.7,43.9,25.1,8.7,5.3,16.3,23.5,107.9,0.32,0.48700000000000004
30,1989-1990,NBA,27.1,6-7,208.0,1107,241.5,41.5,87.2,2.2,6.6,21.8,28.5,13.8,29.3,43.1,24.9,8.5,5.1,16.1,23.3,107.0,0.47600000000000003,0.331,0.764,98.3,0.489,13.9,32.1,0.25,108.1,,,,,,,,,,,,,,,,,,,,,,,,,,,,,,,,,,,,,,,,,,,,,,,,,,,42.0,88.1,2.2,6.7,22.0,28.8,14.0,29.6,43.6,25.1,8.6,5.1,16.2,23.5,108.1,0.331,0.489
31,1988-1989,NBA,26.9,6-7,208.0,1025,241.5,42.5,89.0,2.1,6.6,22.1,28.8,14.5,29.4,43.9,25.6,9.1,5.3,17.2,23.7,109.2,0.47700000000000004,0.32299999999999995,0.768,100.6,0.489,14.5,33.0,0.249,107.8,,,,,,,,,,,,,,,,,,,,,,,,,,,,,,,,,,,,,,,,,,,,,,,,,,,41.9,87.8,2.1,6.5,21.8,28.4,14.3,29.0,43.4,25.2,9.0,5.3,17.0,23.4,107.8,0.32299999999999995,0.489
32,1987-1988,NBA,26.9,6-7,209.0,943,241.3,42.1,87.7,1.6,5.0,22.3,29.1,14.2,29.2,43.4,25.8,8.5,5.4,16.7,24.1,108.2,0.48,0.316,0.7659999999999999,99.6,0.489,14.3,32.8,0.254,108.0,,,,,,,,,,,,,,,,,,,,,,,,,,,,,,,,,,,,,,,,,,,,,,,,,,,42.1,87.6,1.6,5.0,22.3,29.1,14.2,29.1,43.3,25.7,8.5,5.4,16.7,24.1,108.0,0.316,0.489
33,1986-1987,NBA,26.6,6-7,209.0,943,241.6,42.6,88.8,1.4,4.7,23.2,30.5,14.7,29.3,44.0,26.0,8.6,5.5,17.0,24.5,109.9,0.48,0.301,0.763,100.8,0.488,14.3,33.4,0.262,108.3,,,,,,,,,,,,,,,,,,,,,,,,,,,,,,,,,,,,,,,,,,,,,,,,,,,42.0,87.5,1.4,4.7,22.9,30.0,14.5,28.9,43.4,25.6,8.5,5.4,16.7,24.2,108.3,0.301,0.488
34,1985-1986,NBA,26.8,6-7,208.0,943,241.6,43.2,88.6,0.9,3.3,22.9,30.3,14.1,29.4,43.6,26.0,8.8,5.3,17.8,25.2,110.2,0.48700000000000004,0.282,0.7559999999999999,102.1,0.493,14.9,32.4,0.258,107.2,,,,,,,,,,,,,,,,,,,,,,,,,,,,,,,,,,,,,,,,,,,,,,,,,,,42.0,86.2,0.9,3.2,22.3,29.4,13.8,28.6,42.4,25.3,8.5,5.1,17.4,24.5,107.2,0.282,0.493
35,1984-1985,NBA,26.4,6-7,207.0,943,241.4,43.8,89.1,0.9,3.1,22.4,29.4,14.3,29.2,43.5,26.3,8.5,5.3,17.9,24.9,110.8,0.491,0.282,0.764,102.1,0.496,14.9,32.9,0.252,107.9,,,,,,,,,,,,,,,,,,,,,,,,,,,,,,,,,,,,,,,,,,,,,,,,,,,42.6,86.7,0.9,3.1,21.8,28.6,13.9,28.4,42.3,25.6,8.3,5.2,17.4,24.3,107.9,0.282,0.496
36,1983-1984,NBA,26.4,6-7,206.0,943,242.0,43.5,88.4,0.6,2.4,22.6,29.7,14.2,28.8,43.0,26.2,8.5,5.3,17.9,25.8,110.1,0.49200000000000005,0.25,0.76,101.4,0.495,15.0,33.0,0.255,107.6,,,,,,,,,,,,,,,,,,,,,,,,,,,,,,,,,,,,,,,,,,,,,,,,,,,42.5,86.4,0.6,2.3,22.0,29.0,13.9,28.2,42.1,25.6,8.3,5.2,17.5,25.2,107.6,0.25,0.495
37,1982-1983,NBA,26.1,6-7,205.0,943,241.3,43.5,89.7,0.5,2.3,20.9,28.3,14.8,29.6,44.5,25.9,8.9,5.6,19.1,25.6,108.5,0.485,0.23800000000000002,0.74,103.1,0.488,15.8,33.4,0.233,104.7,,,,,,,,,,,,,,,,,,,,,,,,,,,,,,,,,,,,,,,,,,,,,,,,,,,42.0,86.5,0.5,2.2,20.2,27.3,14.3,28.6,42.9,25.0,8.6,5.4,18.4,24.8,104.7,0.23800000000000002,0.488
38,1981-1982,NBA,26.2,6-7,205.0,943,241.6,43.3,88.2,0.6,2.3,21.3,28.6,14.3,29.1,43.5,25.2,8.5,5.4,17.7,26.2,108.6,0.491,0.262,0.746,100.9,0.495,15.0,33.0,0.24100000000000002,106.9,,,,,,,,,,,,,,,,,,,,,,,,,,,,,,,,,,,,,,,,,,,,,,,,,,,42.7,86.9,0.6,2.2,21.0,28.1,14.1,28.7,42.8,24.8,8.4,5.3,17.5,25.8,106.9,0.262,0.495
39,1980-1981,NBA,26.2,6-7,205.0,943,241.4,43.0,88.4,0.5,2.0,21.7,28.9,14.5,28.9,43.5,25.5,9.0,5.3,18.7,25.1,108.1,0.486,0.245,0.7509999999999999,101.8,0.489,15.6,33.5,0.245,105.5,,,,,,,,,,,,,,,,,,,,,,,,,,,,,,,,,,,,,,,,,,,,,,,,,,,41.9,86.3,0.5,2.0,21.2,28.2,14.2,28.2,42.4,24.9,8.8,5.2,18.3,24.5,105.5,0.245,0.489
40,1979-1980,NBA,26.4,6-6,204.0,902,241.8,43.6,90.6,0.8,2.8,21.3,27.8,15.1,29.9,44.9,25.8,9.4,5.3,18.9,24.4,109.3,0.48100000000000004,0.28,0.764,103.1,0.486,15.5,33.5,0.235,105.3,,,,,,,,,,,,,,,,,,,,,,,,,,,,,,,,,,,,,,,,,,,,,,,,,,,42.0,87.3,0.7,2.7,20.5,26.8,14.5,28.8,43.3,24.9,9.1,5.1,18.2,23.5,105.3,0.28,0.486
41,1978-1979,NBA,26.3,6-6,203.0,902,241.1,44.5,91.7,,,21.3,28.3,14.8,30.4,45.2,25.8,9.1,5.4,19.8,25.3,110.3,0.485,,0.752,105.8,0.485,16.0,32.8,0.23199999999999998,103.8,,,,,,,,,,,,,,,,,,,,,,,,,,,,,,,,,,,,,,,,,,,,,,,,,,,41.9,86.3,,,20.0,26.6,14.0,28.6,42.5,24.2,8.6,5.0,18.6,23.8,103.8,,0.485
42,1977-1978,NBA,26.2,6-6,204.0,902,241.8,43.6,92.9,,,21.4,28.4,15.0,32.1,47.1,25.0,9.6,5.1,20.1,25.2,108.5,0.469,,0.752,106.7,0.469,16.0,31.8,0.23,100.9,,,,,,,,,,,,,,,,,,,,,,,,,,,,,,,,,,,,,,,,,,,,,,,,,,,40.5,86.4,,,19.9,26.4,13.9,29.9,43.8,23.3,8.9,4.8,18.7,23.4,100.9,,0.469
43,1976-1977,NBA,26.1,6-6,204.0,902,241.0,42.8,92.0,,,20.8,27.7,15.0,32.1,47.1,23.9,9.4,5.1,20.6,25.2,106.5,0.465,,0.7509999999999999,106.5,0.465,16.5,31.8,0.226,99.5,,,,,,,,,,,,,,,,,,,,,,,,,,,,,,,,,,,,,,,,,,,,,,,,,,,40.0,86.0,,,19.5,25.9,14.0,30.0,44.0,22.3,8.8,4.7,19.2,23.6,99.5,,0.465
44,1975-1976,NBA,26.5,6-6,204.0,738,241.4,42.1,91.7,,,20.2,26.9,14.4,33.0,47.4,23.0,8.9,4.4,19.8,24.8,104.3,0.45799999999999996,,0.7509999999999999,105.5,0.45799999999999996,16.0,30.3,0.221,98.3,,,,,,,,,,,,,,,,,,,,,,,,,,,,,,,,,,,,,,,,,,,,,,,,,,,39.6,86.4,,,19.1,25.4,13.5,31.1,44.6,21.7,8.4,4.2,18.6,23.4,98.3,,0.45799999999999996
45,1974-1975,NBA,26.7,6-6,203.0,738,241.4,41.7,91.1,,,19.3,25.2,14.2,32.9,47.1,23.8,8.8,4.3,19.8,24.3,102.6,0.457,,0.765,104.5,0.457,16.3,30.2,0.21100000000000002,97.7,,,,,,,,,,,,,,,,,,,,,,,,,,,,,,,,,,,,,,,,,,,,,,,,,,,39.7,86.7,,,18.3,24.0,13.5,31.3,44.8,22.7,8.4,4.1,18.9,23.1,97.7,,0.457
46,1973-1974,NBA,26.9,6-6,205.0,697,241.0,43.1,93.9,,,19.6,25.4,14.7,33.5,48.2,24.6,8.7,4.7,20.8,23.8,105.7,0.45899999999999996,,0.7709999999999999,107.8,0.45899999999999996,16.5,30.5,0.209,97.7,,,,,,,,,,,,,,,,,,,,,,,,,,,,,,,,,,,,,,,,,,,,,,,,,,,39.8,86.7,,,18.1,23.5,13.6,31.0,44.6,22.8,8.0,4.3,19.2,22.0,97.7,,0.45899999999999996
47,1972-1973,NBA,26.7,6-6,205.0,697,240.9,44.2,96.9,,,19.2,25.3,,,50.6,25.2,,,,22.8,107.6,0.456,,0.758,,0.456,,,0.198,,,,,,,,,,,,,,,,,,,,,,,,,,,,,,,,,,,,,,,,,,,,,,,,,,,,,,,,,,,,,,,,,,,,0.456
48,1971-1972,NBA,26.6,6-6,206.0,697,241.1,43.4,95.5,,,23.3,31.2,,,51.1,24.1,,,,23.6,110.2,0.455,,0.748,,0.455,,,0.244,,,,,,,,,,,,,,,,,,,,,,,,,,,,,,,,,,,,,,,,,,,,,,,,,,,,,,,,,,,,,,,,,,,,0.455
49,1970-1971,NBA,26.6,6-6,205.0,697,241.0,44.0,98.0,,,24.3,32.7,,,53.1,24.3,,,,24.4,112.4,0.449,,0.745,,0.449,,,0.248,,,,,,,,,,,,,,,,,,,,,,,,,,,,,,,,,,,,,,,,,,,,,,,,,,,,,,,,,,,,,,,,,,,,0.449
50,1969-1970,NBA,26.8,6-6,205.0,574,241.6,45.7,99.4,,,25.3,33.7,,,52.9,24.7,,,,25.1,116.7,0.46,,0.7509999999999999,,0.46,,,0.255,,,,,,,,,,,,,,,,,,,,,,,,,,,,,,,,,,,,,,,,,,,,,,,,,,,,,,,,,,,,,,,,,,,,0.46
51,1968-1969,NBA,26.9,6-6,207.0,574,241.4,43.7,99.0,,,25.0,35.0,,,56.9,23.1,,,,25.5,112.3,0.441,,0.7140000000000001,,0.441,,,0.252,,,,,,,,,,,,,,,,,,,,,,,,,,,,,,,,,,,,,,,,,,,,,,,,,,,,,,,,,,,,,,,,,,,,0.441
52,1967-1968,NBA,26.8,6-6,206.0,492,241.4,45.0,100.8,,,26.7,37.1,,,66.2,22.8,,,,26.3,116.6,0.446,,0.72,,0.446,,,0.265,,,,,,,,,,,,,,,,,,,,,,,,,,,,,,,,,,,,,,,,,,,,,,,,,,,,,,,,,,,,,,,,,,,,0.446
53,1966-1967,NBA,26.6,6-6,206.0,405,241.3,45.5,103.1,,,26.5,36.2,,,67.3,22.4,,,,26.2,117.4,0.441,,0.732,,0.441,,,0.257,,,,,,,,,,,,,,,,,,,,,,,,,,,,,,,,,,,,,,,,,,,,,,,,,,,,,,,,,,,,,,,,,,,,0.441
54,1965-1966,NBA,26.6,6-6,207.0,360,240.5,44.3,102.4,,,26.9,37.0,,,68.2,22.9,,,,26.2,115.5,0.433,,0.727,,0.433,,,0.262,,,,,,,,,,,,,,,,,,,,,,,,,,,,,,,,,,,,,,,,,,,,,,,,,,,,,,,,,,,,,,,,,,,,0.433
55,1964-1965,NBA,26.4,6-6,208.0,360,241.7,42.5,99.8,,,25.6,35.6,,,67.3,21.0,,,,25.9,110.6,0.426,,0.721,,0.426,,,0.257,,,,,,,,,,,,,,,,,,,,,,,,,,,,,,,,,,,,,,,,,,,,,,,,,,,,,,,,,,,,,,,,,,,,0.426
56,1963-1964,NBA,26.4,6-6,207.0,360,,42.9,99.1,,,25.3,35.0,,,65.9,21.4,,,,26.8,111.0,0.433,,0.722,,0.433,,,0.255,,,,,,,,,,,,,,,,,,,,,,,,,,,,,,,,,,,,,,,,,,,,,,,,,,,,,,,,,,,,,,,,,,,,0.433
57,1962-1963,NBA,26.3,6-6,205.0,360,,44.6,101.2,,,26.1,35.9,,,66.7,22.7,,,,26.0,115.3,0.441,,0.727,,0.441,,,0.258,,,,,,,,,,,,,,,,,,,,,,,,,,,,,,,,,,,,,,,,,,,,,,,,,,,,,,,,,,,,,,,,,,,,0.441
58,1961-1962,NBA,26.4,6-5,205.0,360,,45.9,107.7,,,27.0,37.1,,,71.4,23.9,,,,25.9,118.8,0.426,,0.727,,0.426,,,0.25,,,,,,,,,,,,,,,,,,,,,,,,,,,,,,,,,,,,,,,,,,,,,,,,,,,,,,,,,,,,,,,,,,,,0.426
59,1960-1961,NBA,26.4,6-5,205.0,316,,45.4,109.4,,,27.4,37.4,,,73.3,24.2,,,,26.8,118.1,0.415,,0.733,,0.415,,,0.25,,,,,,,,,,,,,,,,,,,,,,,,,,,,,,,,,,,,,,,,,,,,,,,,,,,,,,,,,,,,,,,,,,,,0.415
60,1959-1960,NBA,26.5,6-5,204.0,300,,44.5,108.7,,,26.3,35.8,,,73.5,22.6,,,,25.6,115.3,0.41,,0.735,,0.41,,,0.242,,,,,,,,,,,,,,,,,,,,,,,,,,,,,,,,,,,,,,,,,,,,,,,,,,,,,,,,,,,,,,,,,,,,0.41
61,1958-1959,NBA,26.4,6-5,202.0,288,,40.4,102.3,,,27.4,36.3,,,70.0,19.6,,,,26.0,108.2,0.395,,0.7559999999999999,,0.395,,,0.268,,,,,,,,,,,,,,,,,,,,,,,,,,,,,,,,,,,,,,,,,,,,,,,,,,,,,,,,,,,,,,,,,,,,0.395
62,1957-1958,NBA,26.8,6-5,201.0,288,,39.0,101.9,,,28.6,38.3,,,71.7,19.6,,,,25.5,106.6,0.38299999999999995,,0.746,,0.38299999999999995,,,0.281,,,,,,,,,,,,,,,,,,,,,,,,,,,,,,,,,,,,,,,,,,,,,,,,,,,,,,,,,,,,,,,,,,,,0.38299999999999995
63,1956-1957,NBA,26.2,6-5,201.0,288,,35.9,94.6,,,27.7,36.9,,,62.4,18.9,,,,25.1,99.6,0.38,,0.7509999999999999,,0.38,,,0.293,,,,,,,,,,,,,,,,,,,,,,,,,,,,,,,,,,,,,,,,,,,,,,,,,,,,,,,,,,,,,,,,,,,,0.38
64,1955-1956,NBA,26.3,6-5,199.0,288,,35.3,91.4,,,28.4,38.0,,,60.1,24.3,,,,26.4,99.0,0.387,,0.745,,0.387,,,0.31,,,,,,,,,,,,,,,,,,,,,,,,,,,,,,,,,,,,,,,,,,,,,,,,,,,,,,,,,,,,,,,,,,,,0.387
65,1954-1955,NBA,26.7,6-5,197.0,288,,33.3,86.4,,,26.5,35.9,,,56.1,23.6,,,,24.8,93.1,0.385,,0.738,,0.385,,,0.307,,,,,,,,,,,,,,,,,,,,,,,,,,,,,,,,,,,,,,,,,,,,,,,,,,,,,,,,,,,,,,,,,,,,0.385
66,1953-1954,NBA,26.4,6-4,197.0,324,,28.1,75.4,,,23.4,33.0,,,50.9,20.3,,,,25.4,79.5,0.37200000000000005,,0.7090000000000001,,0.37200000000000005,,,0.311,,,,,,,,,,,,,,,,,,,,,,,,,,,,,,,,,,,,,,,,,,,,,,,,,,,,,,,,,,,,,,,,,,,,0.37200000000000005
67,1952-1953,NBA,26.4,6-4,196.0,351,,28.5,77.1,,,25.7,35.9,,,51.5,21.0,,,,28.8,82.7,0.37,,0.716,,0.37,,,0.33299999999999996,,,,,,,,,,,,,,,,,,,,,,,,,,,,,,,,,,,,,,,,,,,,,,,,,,,,,,,,,,,,,,,,,,,,0.37
68,1951-1952,NBA,26.3,6-4,195.0,330,,29.6,80.8,,,24.4,33.2,,,54.5,21.9,,,,26.9,83.7,0.36700000000000005,,0.735,,0.36700000000000005,,,0.302,,,,,,,,,,,,,,,,,,,,,,,,,,,,,,,,,,,,,,,,,,,,,,,,,,,,,,,,,,,,,,,,,,,,0.36700000000000005
69,1950-1951,NBA,,,,354,,29.8,83.6,,,24.5,33.4,,,49.5,21.0,,,,27.0,84.1,0.35700000000000004,,0.733,,0.35700000000000004,,,0.293,,,,,,,,,,,,,,,,,,,,,,,,,,,,,,,,,,,,,,,,,,,,,,,,,,,,,,,,,,,,,,,,,,,,0.35700000000000004
70,1949-1950,NBA,,,,561,,28.2,83.1,,,23.6,33.0,,,,19.6,,,,27.0,80.0,0.34,,0.7140000000000001,,0.34,,,0.284,,,,,,,,,,,,,,,,,,,,,,,,,,,,,,,,,,,,,,,,,,,,,,,,,,,,,,,,,,,,,,,,,,,,0.34
71,1948-1949,BAA,,,,360,,29.0,88.7,,,22.0,31.3,,,,18.6,,,,25.6,80.0,0.327,,0.703,,0.327,,,0.248,,,,,,,,,,,,,,,,,,,,,,,,,,,,,,,,,,,,,,,,,,,,,,,,,,,,,,,,,,,,,,,,,,,,0.327
72,1947-1948,BAA,,,,192,,27.2,96.0,,,18.2,27.0,,,,7.0,,,,22.2,72.7,0.284,,0.675,,0.284,,,0.19,,,,,,,,,,,,,,,,,,,,,,,,,,,,,,,,,,,,,,,,,,,,,,,,,,,,,,,,,,,,,,,,,,,,0.284
73,1946-1947,BAA,,,,331,,25.9,92.9,,,15.9,24.8,,,,6.9,,,,20.8,67.8,0.27899999999999997,,0.6409999999999999,,0.27899999999999997,,,0.171,,,,,,,,,,,,,,,,,,,,,,,,,,,,,,,,,,,,,,,,,,,,,,,,,,,,,,,,,,,,,,,,,,,,0.27899999999999997
